image_name,label
color_amarillo_0.jpg,amarillo
color_amarillo_10120.jpg,amarillo
color_amarillo_11119.jpg,amarillo
color_amarillo_11137.jpg,amarillo
color_amarillo_11144.jpg,amarillo
color_amarillo_1127.jpg,amarillo
color_amarillo_1159.jpg,amarillo
color_amarillo_12196.jpg,amarillo
color_amarillo_12203.jpg,amarillo
color_amarillo_12220.jpg,amarillo
color_amarillo_1226.jpg,amarillo
color_amarillo_1258.jpg,amarillo
color_amarillo_13621.jpg,amarillo
color_amarillo_1437.jpg,amarillo
color_amarillo_1502.jpg,amarillo
color_amarillo_15626.jpg,amarillo
color_amarillo_1578.jpg,amarillo
color_amarillo_1637.jpg,amarillo
color_amarillo_16401.jpg,amarillo
color_amarillo_16406.jpg,amarillo
color_amarillo_16539.jpg,amarillo
color_amarillo_17510.jpg,amarillo
color_amarillo_17587.jpg,amarillo
color_amarillo_1890.jpg,amarillo
color_amarillo_19768.jpg,amarillo
color_amarillo_19918.jpg,amarillo
color_amarillo_2027.jpg,amarillo
color_amarillo_20399.jpg,amarillo
color_amarillo_2053.jpg,amarillo
color_amarillo_20971.jpg,amarillo
color_amarillo_21023.jpg,amarillo
color_amarillo_2128.jpg,amarillo
color_amarillo_21393.jpg,amarillo
color_amarillo_21515.jpg,amarillo
color_amarillo_21558.jpg,amarillo
color_amarillo_21624.jpg,amarillo
color_amarillo_2298.jpg,amarillo
color_amarillo_23279.jpg,amarillo
color_amarillo_2328.jpg,amarillo
color_amarillo_23350.jpg,amarillo
color_amarillo_23495.jpg,amarillo
color_amarillo_23546.jpg,amarillo
color_amarillo_23698.jpg,amarillo
color_amarillo_24055.jpg,amarillo
color_amarillo_24693.jpg,amarillo
color_amarillo_24729.jpg,amarillo
color_amarillo_25121.jpg,amarillo
color_amarillo_25539.jpg,amarillo
color_amarillo_25542.jpg,amarillo
color_amarillo_26177.jpg,amarillo
color_amarillo_2625.jpg,amarillo
color_amarillo_26263.jpg,amarillo
color_amarillo_26284.jpg,amarillo
color_amarillo_28215.jpg,amarillo
color_amarillo_28248.jpg,amarillo
color_amarillo_28474.jpg,amarillo
color_amarillo_2852.jpg,amarillo
color_amarillo_2854.jpg,amarillo
color_amarillo_28979.jpg,amarillo
color_amarillo_29012.jpg,amarillo
color_amarillo_2953.jpg,amarillo
color_amarillo_31365.jpg,amarillo
color_amarillo_32641.jpg,amarillo
color_amarillo_32648.jpg,amarillo
color_amarillo_3704.jpg,amarillo
color_amarillo_3792.jpg,amarillo
color_amarillo_3806.jpg,amarillo
color_amarillo_381.jpg,amarillo
color_amarillo_3820.jpg,amarillo
color_amarillo_3851.jpg,amarillo
color_amarillo_4230.jpg,amarillo
color_amarillo_4405.jpg,amarillo
color_amarillo_5100.jpg,amarillo
color_amarillo_5227.jpg,amarillo
color_amarillo_6025.jpg,amarillo
color_amarillo_6030.jpg,amarillo
color_amarillo_6083.jpg,amarillo
color_amarillo_6798.jpg,amarillo
color_amarillo_697.jpg,amarillo
color_amarillo_6996.jpg,amarillo
color_amarillo_7061.jpg,amarillo
color_amarillo_711.jpg,amarillo
color_amarillo_7154.jpg,amarillo
color_amarillo_7176.jpg,amarillo
color_amarillo_7545.jpg,amarillo
color_amarillo_757.jpg,amarillo
color_amarillo_7693.jpg,amarillo
color_amarillo_7721.jpg,amarillo
color_amarillo_8079.jpg,amarillo
color_amarillo_8157.jpg,amarillo
color_amarillo_8214.jpg,amarillo
color_amarillo_8468.jpg,amarillo
color_amarillo_8599.jpg,amarillo
color_amarillo_8805.jpg,amarillo
color_amarillo_8853.jpg,amarillo
color_amarillo_8854.jpg,amarillo
color_amarillo_9216.jpg,amarillo
color_amarillo_969.jpg,amarillo
color_amarillo_971.jpg,amarillo
color_amarillo_995.jpg,amarillo
color_azul_10104.jpg,azul
color_azul_10130.jpg,azul
color_azul_10139.jpg,azul
color_azul_10170.jpg,azul
color_azul_10204.jpg,azul
color_azul_10223.jpg,azul
color_azul_10709.jpg,azul
color_azul_11403.jpg,azul
color_azul_11.jpg,azul
color_azul_1206.jpg,azul
color_azul_12091.jpg,azul
color_azul_12129.jpg,azul
color_azul_12188.jpg,azul
color_azul_12190.jpg,azul
color_azul_12193.jpg,azul
color_azul_12197.jpg,azul
color_azul_12213.jpg,azul
color_azul_1222.jpg,azul
color_azul_1263.jpg,azul
color_azul_12739.jpg,azul
color_azul_12783.jpg,azul
color_azul_12912.jpg,azul
color_azul_12947.jpg,azul
color_azul_12974.jpg,azul
color_azul_13115.jpg,azul
color_azul_13277.jpg,azul
color_azul_13280.jpg,azul
color_azul_13299.jpg,azul
color_azul_13500.jpg,azul
color_azul_1353.jpg,azul
color_azul_13540.jpg,azul
color_azul_13934.jpg,azul
color_azul_14191.jpg,azul
color_azul_1421.jpg,azul
color_azul_14223.jpg,azul
color_azul_14343.jpg,azul
color_azul_14344.jpg,azul
color_azul_14412.jpg,azul
color_azul_14421.jpg,azul
color_azul_14564.jpg,azul
color_azul_14659.jpg,azul
color_azul_1537.jpg,azul
color_azul_15588.jpg,azul
color_azul_15602.jpg,azul
color_azul_15603.jpg,azul
color_azul_15607.jpg,azul
color_azul_1565.jpg,azul
color_azul_1644.jpg,azul
color_azul_16480.jpg,azul
color_azul_16892.jpg,azul
color_azul_16896.jpg,azul
color_azul_17019.jpg,azul
color_azul_17183.jpg,azul
color_azul_17320.jpg,azul
color_azul_17821.jpg,azul
color_azul_18308.jpg,azul
color_azul_18318.jpg,azul
color_azul_1875.jpg,azul
color_azul_19031.jpg,azul
color_azul_19047.jpg,azul
color_azul_1915.jpg,azul
color_azul_1942.jpg,azul
color_azul_19481.jpg,azul
color_azul_19535.jpg,azul
color_azul_19659.jpg,azul
color_azul_19717.jpg,azul
color_azul_20164.jpg,azul
color_azul_20405.jpg,azul
color_azul_2042.jpg,azul
color_azul_20783.jpg,azul
color_azul_2094.jpg,azul
color_azul_2142.jpg,azul
color_azul_2181.jpg,azul
color_azul_2378.jpg,azul
color_azul_2382.jpg,azul
color_azul_2492.jpg,azul
color_azul_2505.jpg,azul
color_azul_2559.jpg,azul
color_azul_2649.jpg,azul
color_azul_2678.jpg,azul
color_azul_2733.jpg,azul
color_azul_2881.jpg,azul
color_azul_292.jpg,azul
color_azul_2936.jpg,azul
color_azul_301.jpg,azul
color_azul_398.jpg,azul
color_azul_403.jpg,azul
color_azul_437.jpg,azul
color_azul_504.jpg,azul
color_azul_577.jpg,azul
color_azul_680.jpg,azul
color_azul_739.jpg,azul
color_azul_758.jpg,azul
color_azul_80.jpg,azul
color_azul_8957.jpg,azul
color_azul_8958.jpg,azul
color_azul_9296.jpg,azul
color_azul_9437.jpg,azul
color_azul_954.jpg,azul
color_azul_9805.jpg,azul
color_cafe_10579.jpg,cafe
color_cafe_10796.jpg,cafe
color_cafe_10799.jpg,cafe
color_cafe_10805.jpg,cafe
color_cafe_10813.jpg,cafe
color_cafe_10818.jpg,cafe
color_cafe_10821.jpg,cafe
color_cafe_10832.jpg,cafe
color_cafe_11180.jpg,cafe
color_cafe_11197.jpg,cafe
color_cafe_12802.jpg,cafe
color_cafe_12814.jpg,cafe
color_cafe_12842.jpg,cafe
color_cafe_12851.jpg,cafe
color_cafe_12951.jpg,cafe
color_cafe_12952.jpg,cafe
color_cafe_14823.jpg,cafe
color_cafe_14828.jpg,cafe
color_cafe_14835.jpg,cafe
color_cafe_14843.jpg,cafe
color_cafe_15349.jpg,cafe
color_cafe_15720.jpg,cafe
color_cafe_15721.jpg,cafe
color_cafe_15725.jpg,cafe
color_cafe_15745.jpg,cafe
color_cafe_15957.jpg,cafe
color_cafe_15960.jpg,cafe
color_cafe_15961.jpg,cafe
color_cafe_15967.jpg,cafe
color_cafe_15972.jpg,cafe
color_cafe_16108.jpg,cafe
color_cafe_16374.jpg,cafe
color_cafe_16694.jpg,cafe
color_cafe_16936.jpg,cafe
color_cafe_16938.jpg,cafe
color_cafe_16997.jpg,cafe
color_cafe_17304.jpg,cafe
color_cafe_17859.jpg,cafe
color_cafe_17860.jpg,cafe
color_cafe_18065.jpg,cafe
color_cafe_18380.jpg,cafe
color_cafe_18387.jpg,cafe
color_cafe_18393.jpg,cafe
color_cafe_18414.jpg,cafe
color_cafe_18415.jpg,cafe
color_cafe_18523.jpg,cafe
color_cafe_18740.jpg,cafe
color_cafe_18768.jpg,cafe
color_cafe_18793.jpg,cafe
color_cafe_19135.jpg,cafe
color_cafe_19212.jpg,cafe
color_cafe_19894.jpg,cafe
color_cafe_202.jpg,cafe
color_cafe_2083.jpg,cafe
color_cafe_21825.jpg,cafe
color_cafe_21831.jpg,cafe
color_cafe_23875.jpg,cafe
color_cafe_23880.jpg,cafe
color_cafe_24548.jpg,cafe
color_cafe_26252.jpg,cafe
color_cafe_26396.jpg,cafe
color_cafe_26504.jpg,cafe
color_cafe_26568.jpg,cafe
color_cafe_27205.jpg,cafe
color_cafe_27322.jpg,cafe
color_cafe_29582.jpg,cafe
color_cafe_31251.jpg,cafe
color_cafe_31260.jpg,cafe
color_cafe_31284.jpg,cafe
color_cafe_31286.jpg,cafe
color_cafe_31293.jpg,cafe
color_cafe_31652.jpg,cafe
color_cafe_4465.jpg,cafe
color_cafe_6615.jpg,cafe
color_cafe_7104.jpg,cafe
color_cafe_7550.jpg,cafe
color_cafe_8170.jpg,cafe
color_cafe_8171.jpg,cafe
color_cafe_8831.jpg,cafe
color_cafe_8899.jpg,cafe
color_cafe_8901.jpg,cafe
color_cafe_8913.jpg,cafe
color_cafe_8916.jpg,cafe
color_cafe_8924.jpg,cafe
color_cafe_8925.jpg,cafe
color_cafe_8927.jpg,cafe
color_cafe_8965.jpg,cafe
color_cafe_8972.jpg,cafe
color_cafe_8973.jpg,cafe
color_cafe_8988.jpg,cafe
color_cafe_9007.jpg,cafe
color_cafe_9008.jpg,cafe
color_cafe_9010.jpg,cafe
color_cafe_9025.jpg,cafe
color_cafe_9026.jpg,cafe
color_cafe_9038.jpg,cafe
color_cafe_9053.jpg,cafe
color_cafe_9054.jpg,cafe
color_cafe_9059.jpg,cafe
color_cafe_9064.jpg,cafe
color_gris_100.png,gris
color_gris_10705.jpg,gris
color_gris_10743.jpg,gris
color_gris_10773.jpg,gris
color_gris_12620.jpg,gris
color_gris_12766.jpg,gris
color_gris_1279.jpg,gris
color_gris_1301.jpg,gris
color_gris_1309.jpg,gris
color_gris_1449.jpg,gris
color_gris_14653.jpg,gris
color_gris_1472.jpg,gris
color_gris_1503.jpg,gris
color_gris_1571.jpg,gris
color_gris_16405.jpg,gris
color_gris_1718.jpg,gris
color_gris_17288.jpg,gris
color_gris_17507.jpg,gris
color_gris_17597.jpg,gris
color_gris_1766.jpg,gris
color_gris_17784.jpg,gris
color_gris_1825.jpg,gris
color_gris_19757.jpg,gris
color_gris_1975.jpg,gris
color_gris_21184.jpg,gris
color_gris_2223.jpg,gris
color_gris_22259.jpg,gris
color_gris_23143.jpg,gris
color_gris_23152.jpg,gris
color_gris_24181.jpg,gris
color_gris_2572.jpg,gris
color_gris_2903.jpg,gris
color_gris_2949.jpg,gris
color_gris_29565.jpg,gris
color_gris_29570.jpg,gris
color_gris_2970.jpg,gris
color_gris_3142.jpg,gris
color_gris_3176.jpg,gris
color_gris_3219.jpg,gris
color_gris_3365.jpg,gris
color_gris_338.jpg,gris
color_gris_3427.jpg,gris
color_gris_346.jpg,gris
color_gris_349.jpg,gris
color_gris_363.jpg,gris
color_gris_3662.jpg,gris
color_gris_3673.jpg,gris
color_gris_3766.jpg,gris
color_gris_3786.jpg,gris
color_gris_3801.jpg,gris
color_gris_4380.jpg,gris
color_gris_4495.jpg,gris
color_gris_4508.jpg,gris
color_gris_4607.jpg,gris
color_gris_4742.jpg,gris
color_gris_5049.jpg,gris
color_gris_50.jpg,gris
color_gris_5118.jpg,gris
color_gris_5222.jpg,gris
color_gris_5226.jpg,gris
color_gris_5451.jpg,gris
color_gris_5507.jpg,gris
color_gris_5542.jpg,gris
color_gris_5554.jpg,gris
color_gris_5681.jpg,gris
color_gris_5811.jpg,gris
color_gris_5901.jpg,gris
color_gris_6194.jpg,gris
color_gris_6196.jpg,gris
color_gris_6255.jpg,gris
color_gris_6307.jpg,gris
color_gris_634.jpg,gris
color_gris_6471.jpg,gris
color_gris_647.jpg,gris
color_gris_6485.jpg,gris
color_gris_6518.jpg,gris
color_gris_6574.jpg,gris
color_gris_6592.jpg,gris
color_gris_6598.jpg,gris
color_gris_6661.jpg,gris
color_gris_6668.jpg,gris
color_gris_6673.jpg,gris
color_gris_6696.jpg,gris
color_gris_6765.jpg,gris
color_gris_67.jpg,gris
color_gris_6822.jpg,gris
color_gris_686.jpg,gris
color_gris_6884.jpg,gris
color_gris_6919.jpg,gris
color_gris_831.jpg,gris
color_gris_857.jpg,gris
color_gris_93.png,gris
color_gris_94.jpg,gris
color_gris_95.png,gris
color_gris_96.png,gris
color_gris_97.png,gris
color_gris_98.png,gris
color_gris_994.jpg,gris
color_gris_9985.jpg,gris
color_gris_99.png,gris
color_morado_100.png,morado
color_morado_10.png,morado
color_morado_11.png,morado
color_morado_12274.jpg,morado
color_morado_12299.jpg,morado
color_morado_12750.jpg,morado
color_morado_13010.jpg,morado
color_morado_13023.jpg,morado
color_morado_13326.jpg,morado
color_morado_13328.jpg,morado
color_morado_14465.jpg,morado
color_morado_14.png,morado
color_morado_15879.jpg,morado
color_morado_15.png,morado
color_morado_16087.jpg,morado
color_morado_16654.jpg,morado
color_morado_16733.jpg,morado
color_morado_16.png,morado
color_morado_17020.jpg,morado
color_morado_17487.jpg,morado
color_morado_17.png,morado
color_morado_18717.jpg,morado
color_morado_18.png,morado
color_morado_19063.jpg,morado
color_morado_19460.jpg,morado
color_morado_19501.jpg,morado
color_morado_19526.jpg,morado
color_morado_19928.jpg,morado
color_morado_19.png,morado
color_morado_1.png,morado
color_morado_20105.jpg,morado
color_morado_20433.jpg,morado
color_morado_20854.jpg,morado
color_morado_20.png,morado
color_morado_21.png,morado
color_morado_22445.jpg,morado
color_morado_22530.jpg,morado
color_morado_22577.jpg,morado
color_morado_22580.jpg,morado
color_morado_22.png,morado
color_morado_23802.jpg,morado
color_morado_23.png,morado
color_morado_24700.jpg,morado
color_morado_25611.jpg,morado
color_morado_25.png,morado
color_morado_26007.jpg,morado
color_morado_26215.jpg,morado
color_morado_26860.jpg,morado
color_morado_26973.jpg,morado
color_morado_26.png,morado
color_morado_27929.jpg,morado
color_morado_27.png,morado
color_morado_28.png,morado
color_morado_29333.jpg,morado
color_morado_29.png,morado
color_morado_2.png,morado
color_morado_30.png,morado
color_morado_3122.jpg,morado
color_morado_31.png,morado
color_morado_32.png,morado
color_morado_33.png,morado
color_morado_34.png,morado
color_morado_36.png,morado
color_morado_37.png,morado
color_morado_38.png,morado
color_morado_39.png,morado
color_morado_3.png,morado
color_morado_40.png,morado
color_morado_41.png,morado
color_morado_42.png,morado
color_morado_43.png,morado
color_morado_4.png,morado
color_morado_5.png,morado
color_morado_6.png,morado
color_morado_79.png,morado
color_morado_7.png,morado
color_morado_80.png,morado
color_morado_81.png,morado
color_morado_82.png,morado
color_morado_83.png,morado
color_morado_84.png,morado
color_morado_85.png,morado
color_morado_86.png,morado
color_morado_8726.jpg,morado
color_morado_87.png,morado
color_morado_88.jpg,morado
color_morado_89.png,morado
color_morado_8.png,morado
color_morado_90.jpg,morado
color_morado_91.jpg,morado
color_morado_92.png,morado
color_morado_93.png,morado
color_morado_94.png,morado
color_morado_95.jpg,morado
color_morado_9634.jpg,morado
color_morado_96.jpg,morado
color_morado_97.png,morado
color_morado_98.jpg,morado
color_morado_99.png,morado
color_morado_9.png,morado
color_naranjo_100.png,naranjo
color_naranjo_10576.jpg,naranjo
color_naranjo_10652.jpg,naranjo
color_naranjo_10956.jpg,naranjo
color_naranjo_10.png,naranjo
color_naranjo_11.png,naranjo
color_naranjo_12.png,naranjo
color_naranjo_13.png,naranjo
color_naranjo_14.png,naranjo
color_naranjo_15757.jpg,naranjo
color_naranjo_15.png,naranjo
color_naranjo_16536.jpg,naranjo
color_naranjo_16.png,naranjo
color_naranjo_1724.jpg,naranjo
color_naranjo_17543.jpg,naranjo
color_naranjo_1765.jpg,naranjo
color_naranjo_17.png,naranjo
color_naranjo_1874.jpg,naranjo
color_naranjo_18.png,naranjo
color_naranjo_1943.jpg,naranjo
color_naranjo_19713.jpg,naranjo
color_naranjo_19.png,naranjo
color_naranjo_1.png,naranjo
color_naranjo_20218.jpg,naranjo
color_naranjo_20.png,naranjo
color_naranjo_2174.jpg,naranjo
color_naranjo_21.png,naranjo
color_naranjo_2206.jpg,naranjo
color_naranjo_22.png,naranjo
color_naranjo_2365.jpg,naranjo
color_naranjo_23.png,naranjo
color_naranjo_24.png,naranjo
color_naranjo_25.png,naranjo
color_naranjo_26234.jpg,naranjo
color_naranjo_2624.jpg,naranjo
color_naranjo_2657.jpg,naranjo
color_naranjo_26.png,naranjo
color_naranjo_2717.jpg,naranjo
color_naranjo_27442.jpg,naranjo
color_naranjo_27.png,naranjo
color_naranjo_28.png,naranjo
color_naranjo_29887.jpg,naranjo
color_naranjo_29.png,naranjo
color_naranjo_2.png,naranjo
color_naranjo_3084.jpg,naranjo
color_naranjo_30.png,naranjo
color_naranjo_3116.jpg,naranjo
color_naranjo_31476.jpg,naranjo
color_naranjo_3152.jpg,naranjo
color_naranjo_31566.jpg,naranjo
color_naranjo_31667.jpg,naranjo
color_naranjo_31.png,naranjo
color_naranjo_3233.jpg,naranjo
color_naranjo_32.png,naranjo
color_naranjo_3308.jpg,naranjo
color_naranjo_3312.jpg,naranjo
color_naranjo_33.png,naranjo
color_naranjo_34.png,naranjo
color_naranjo_35.png,naranjo
color_naranjo_3645.jpg,naranjo
color_naranjo_36.png,naranjo
color_naranjo_37.png,naranjo
color_naranjo_38.png,naranjo
color_naranjo_39.png,naranjo
color_naranjo_3.png,naranjo
color_naranjo_40.png,naranjo
color_naranjo_422.jpg,naranjo
color_naranjo_461.jpg,naranjo
color_naranjo_4671.jpg,naranjo
color_naranjo_4688.jpg,naranjo
color_naranjo_4690.jpg,naranjo
color_naranjo_4.png,naranjo
color_naranjo_5032.jpg,naranjo
color_naranjo_5138.jpg,naranjo
color_naranjo_521.jpg,naranjo
color_naranjo_5348.jpg,naranjo
color_naranjo_5618.jpg,naranjo
color_naranjo_5.png,naranjo
color_naranjo_6396.jpg,naranjo
color_naranjo_6487.jpg,naranjo
color_naranjo_6505.jpg,naranjo
color_naranjo_6.png,naranjo
color_naranjo_7091.jpg,naranjo
color_naranjo_7485.jpg,naranjo
color_naranjo_781.jpg,naranjo
color_naranjo_796.jpg,naranjo
color_naranjo_7.png,naranjo
color_naranjo_8417.jpg,naranjo
color_naranjo_843.jpg,naranjo
color_naranjo_8543.jpg,naranjo
color_naranjo_859.jpg,naranjo
color_naranjo_877.jpg,naranjo
color_naranjo_8864.jpg,naranjo
color_naranjo_8.png,naranjo
color_naranjo_9271.jpg,naranjo
color_naranjo_956.jpg,naranjo
color_naranjo_97.png,naranjo
color_naranjo_98.jpg,naranjo
color_naranjo_99.jpg,naranjo
color_naranjo_9.png,naranjo
color_negro_10027.jpg,negro
color_negro_10111.jpg,negro
color_negro_10260.jpg,negro
color_negro_102.jpg,negro
color_negro_10504.jpg,negro
color_negro_10511.jpg,negro
color_negro_10588.jpg,negro
color_negro_10592.jpg,negro
color_negro_10793.jpg,negro
color_negro_107.jpg,negro
color_negro_10823.jpg,negro
color_negro_10825.jpg,negro
color_negro_10885.jpg,negro
color_negro_10888.jpg,negro
color_negro_10890.jpg,negro
color_negro_11625.jpg,negro
color_negro_11626.jpg,negro
color_negro_11627.jpg,negro
color_negro_11629.jpg,negro
color_negro_11847.jpg,negro
color_negro_11850.jpg,negro
color_negro_11863.jpg,negro
color_negro_11873.jpg,negro
color_negro_11874.jpg,negro
color_negro_11939.jpg,negro
color_negro_11942.jpg,negro
color_negro_11943.jpg,negro
color_negro_11946.jpg,negro
color_negro_12004.jpg,negro
color_negro_12037.jpg,negro
color_negro_12214.jpg,negro
color_negro_12215.jpg,negro
color_negro_12216.jpg,negro
color_negro_12217.jpg,negro
color_negro_126.jpg,negro
color_negro_130.jpg,negro
color_negro_146.jpg,negro
color_negro_14.jpg,negro
color_negro_19.jpg,negro
color_negro_21.jpg,negro
color_negro_22.jpg,negro
color_negro_23.jpg,negro
color_negro_32.jpg,negro
color_negro_34.jpg,negro
color_negro_36.jpg,negro
color_negro_45.jpg,negro
color_negro_55.jpg,negro
color_negro_61.jpg,negro
color_negro_70.jpg,negro
color_negro_81.jpg,negro
color_negro_8798.jpg,negro
color_negro_8802.jpg,negro
color_negro_8810.jpg,negro
color_negro_8818.jpg,negro
color_negro_8821.jpg,negro
color_negro_8825.jpg,negro
color_negro_8826.jpg,negro
color_negro_8834.jpg,negro
color_negro_8839.jpg,negro
color_negro_8847.jpg,negro
color_negro_8855.jpg,negro
color_negro_8858.jpg,negro
color_negro_8863.jpg,negro
color_negro_8865.jpg,negro
color_negro_9132.jpg,negro
color_negro_9160.jpg,negro
color_negro_9168.jpg,negro
color_negro_9176.jpg,negro
color_negro_9233.jpg,negro
color_negro_9258.jpg,negro
color_negro_9264.jpg,negro
color_negro_9280.jpg,negro
color_negro_9383.jpg,negro
color_negro_9389.jpg,negro
color_negro_9454.jpg,negro
color_negro_9455.jpg,negro
color_negro_9474.jpg,negro
color_negro_9713.jpg,negro
color_negro_9714.jpg,negro
color_negro_9872.jpg,negro
color_negro_9874.jpg,negro
color_negro_9880.jpg,negro
color_negro_9882.jpg,negro
color_negro_9884.jpg,negro
color_negro_9885.jpg,negro
color_negro_9888.jpg,negro
color_negro_9900.jpg,negro
color_negro_9902.jpg,negro
color_negro_9903.jpg,negro
color_negro_9911.jpg,negro
color_negro_9915.jpg,negro
color_negro_9917.jpg,negro
color_negro_9921.jpg,negro
color_negro_9930.jpg,negro
color_negro_9940.jpg,negro
color_negro_9943.jpg,negro
color_negro_9949.jpg,negro
color_negro_9962.jpg,negro
color_negro_9966.jpg,negro
color_negro_9.jpg,negro
color_rojo_10336.jpg,rojo
color_rojo_1042.jpg,rojo
color_rojo_1053.jpg,rojo
color_rojo_105.jpg,rojo
color_rojo_1083.jpg,rojo
color_rojo_11132.jpg,rojo
color_rojo_11133.jpg,rojo
color_rojo_11835.jpg,rojo
color_rojo_13456.jpg,rojo
color_rojo_13676.jpg,rojo
color_rojo_15184.jpg,rojo
color_rojo_15372.jpg,rojo
color_rojo_15946.jpg,rojo
color_rojo_15954.jpg,rojo
color_rojo_16063.jpg,rojo
color_rojo_1615.jpg,rojo
color_rojo_16188.jpg,rojo
color_rojo_16419.jpg,rojo
color_rojo_16421.jpg,rojo
color_rojo_16688.jpg,rojo
color_rojo_1695.jpg,rojo
color_rojo_17290.jpg,rojo
color_rojo_17492.jpg,rojo
color_rojo_1808.jpg,rojo
color_rojo_1860.jpg,rojo
color_rojo_1868.jpg,rojo
color_rojo_18827.jpg,rojo
color_rojo_1977.jpg,rojo
color_rojo_19789.jpg,rojo
color_rojo_19874.jpg,rojo
color_rojo_20045.jpg,rojo
color_rojo_20437.jpg,rojo
color_rojo_2052.jpg,rojo
color_rojo_21071.jpg,rojo
color_rojo_21361.jpg,rojo
color_rojo_21388.jpg,rojo
color_rojo_21915.jpg,rojo
color_rojo_21919.jpg,rojo
color_rojo_22081.jpg,rojo
color_rojo_22468.jpg,rojo
color_rojo_22508.jpg,rojo
color_rojo_23076.jpg,rojo
color_rojo_23290.jpg,rojo
color_rojo_23451.jpg,rojo
color_rojo_23577.jpg,rojo
color_rojo_23632.jpg,rojo
color_rojo_24152.jpg,rojo
color_rojo_24190.jpg,rojo
color_rojo_25012.jpg,rojo
color_rojo_26794.jpg,rojo
color_rojo_277.jpg,rojo
color_rojo_28333.jpg,rojo
color_rojo_28338.jpg,rojo
color_rojo_3063.jpg,rojo
color_rojo_30716.jpg,rojo
color_rojo_3071.jpg,rojo
color_rojo_3103.jpg,rojo
color_rojo_3109.jpg,rojo
color_rojo_31153.jpg,rojo
color_rojo_31486.jpg,rojo
color_rojo_3249.jpg,rojo
color_rojo_3306.jpg,rojo
color_rojo_3348.jpg,rojo
color_rojo_3492.jpg,rojo
color_rojo_3671.jpg,rojo
color_rojo_379.jpg,rojo
color_rojo_3871.jpg,rojo
color_rojo_3918.jpg,rojo
color_rojo_4040.jpg,rojo
color_rojo_485.jpg,rojo
color_rojo_530.jpg,rojo
color_rojo_5713.jpg,rojo
color_rojo_5776.jpg,rojo
color_rojo_5858.jpg,rojo
color_rojo_5902.jpg,rojo
color_rojo_6317.jpg,rojo
color_rojo_6369.jpg,rojo
color_rojo_6418.jpg,rojo
color_rojo_6419.jpg,rojo
color_rojo_6760.jpg,rojo
color_rojo_6831.jpg,rojo
color_rojo_6911.jpg,rojo
color_rojo_6954.jpg,rojo
color_rojo_6968.jpg,rojo
color_rojo_7119.jpg,rojo
color_rojo_7240.jpg,rojo
color_rojo_7251.jpg,rojo
color_rojo_7298.jpg,rojo
color_rojo_7463.jpg,rojo
color_rojo_7486.jpg,rojo
color_rojo_7489.jpg,rojo
color_rojo_7530.jpg,rojo
color_rojo_844.jpg,rojo
color_rojo_873.jpg,rojo
color_rojo_923.jpg,rojo
color_rojo_9371.jpg,rojo
color_rojo_9450.jpg,rojo
color_rojo_9541.jpg,rojo
color_rojo_958.jpg,rojo
color_rojo_9800.jpg,rojo
color_rosado_1104.jpg,rosado
color_rosado_11145.jpg,rosado
color_rosado_11149.jpg,rosado
color_rosado_1115.jpg,rosado
color_rosado_11459.jpg,rosado
color_rosado_11557.jpg,rosado
color_rosado_11560.jpg,rosado
color_rosado_11576.jpg,rosado
color_rosado_11580.jpg,rosado
color_rosado_11606.jpg,rosado
color_rosado_11621.jpg,rosado
color_rosado_11696.jpg,rosado
color_rosado_11710.jpg,rosado
color_rosado_11732.jpg,rosado
color_rosado_11738.jpg,rosado
color_rosado_11753.jpg,rosado
color_rosado_12126.jpg,rosado
color_rosado_12156.jpg,rosado
color_rosado_13801.jpg,rosado
color_rosado_13802.jpg,rosado
color_rosado_13815.jpg,rosado
color_rosado_1442.jpg,rosado
color_rosado_1446.jpg,rosado
color_rosado_1481.jpg,rosado
color_rosado_15171.jpg,rosado
color_rosado_15478.jpg,rosado
color_rosado_15479.jpg,rosado
color_rosado_1575.jpg,rosado
color_rosado_15773.jpg,rosado
color_rosado_173.jpg,rosado
color_rosado_1791.jpg,rosado
color_rosado_1796.jpg,rosado
color_rosado_1810.jpg,rosado
color_rosado_190.jpg,rosado
color_rosado_2024.jpg,rosado
color_rosado_2040.jpg,rosado
color_rosado_2219.jpg,rosado
color_rosado_2544.jpg,rosado
color_rosado_2547.jpg,rosado
color_rosado_2568.jpg,rosado
color_rosado_2570.jpg,rosado
color_rosado_2606.jpg,rosado
color_rosado_2607.jpg,rosado
color_rosado_2612.jpg,rosado
color_rosado_2642.jpg,rosado
color_rosado_2655.jpg,rosado
color_rosado_2943.jpg,rosado
color_rosado_334.jpg,rosado
color_rosado_3598.jpg,rosado
color_rosado_3833.jpg,rosado
color_rosado_399.jpg,rosado
color_rosado_4630.jpg,rosado
color_rosado_4631.jpg,rosado
color_rosado_4642.jpg,rosado
color_rosado_5028.jpg,rosado
color_rosado_5122.jpg,rosado
color_rosado_5309.jpg,rosado
color_rosado_532.jpg,rosado
color_rosado_5419.jpg,rosado
color_rosado_5948.jpg,rosado
color_rosado_6162.jpg,rosado
color_rosado_6197.jpg,rosado
color_rosado_6309.jpg,rosado
color_rosado_6376.jpg,rosado
color_rosado_6433.jpg,rosado
color_rosado_6669.jpg,rosado
color_rosado_6713.jpg,rosado
color_rosado_673.jpg,rosado
color_rosado_6793.jpg,rosado
color_rosado_6974.jpg,rosado
color_rosado_7029.jpg,rosado
color_rosado_7030.jpg,rosado
color_rosado_7088.jpg,rosado
color_rosado_709.jpg,rosado
color_rosado_7189.jpg,rosado
color_rosado_7347.jpg,rosado
color_rosado_735.jpg,rosado
color_rosado_7478.jpg,rosado
color_rosado_764.jpg,rosado
color_rosado_7661.jpg,rosado
color_rosado_7697.jpg,rosado
color_rosado_7700.jpg,rosado
color_rosado_806.jpg,rosado
color_rosado_813.jpg,rosado
color_rosado_8843.jpg,rosado
color_rosado_8859.jpg,rosado
color_rosado_9183.jpg,rosado
color_rosado_9202.jpg,rosado
color_rosado_9204.jpg,rosado
color_rosado_9211.jpg,rosado
color_rosado_9230.jpg,rosado
color_rosado_9253.jpg,rosado
color_rosado_9261.jpg,rosado
color_rosado_9339.jpg,rosado
color_rosado_9345.jpg,rosado
color_rosado_9360.jpg,rosado
color_rosado_9552.jpg,rosado
color_rosado_982.jpg,rosado
color_rosado_983.jpg,rosado
color_rosado_992.jpg,rosado
color_verde_10928.jpg,verde
color_verde_11173.jpg,verde
color_verde_12286.jpg,verde
color_verde_12304.jpg,verde
color_verde_12904.jpg,verde
color_verde_12913.jpg,verde
color_verde_12976.jpg,verde
color_verde_13001.jpg,verde
color_verde_13383.jpg,verde
color_verde_13501.jpg,verde
color_verde_13840.jpg,verde
color_verde_14113.jpg,verde
color_verde_14123.jpg,verde
color_verde_1438.jpg,verde
color_verde_14456.jpg,verde
color_verde_14457.jpg,verde
color_verde_14534.jpg,verde
color_verde_14654.jpg,verde
color_verde_14678.jpg,verde
color_verde_14680.jpg,verde
color_verde_16064.jpg,verde
color_verde_16426.jpg,verde
color_verde_16735.jpg,verde
color_verde_16957.jpg,verde
color_verde_17282.jpg,verde
color_verde_17791.jpg,verde
color_verde_18698.jpg,verde
color_verde_18730.jpg,verde
color_verde_18837.jpg,verde
color_verde_19266.jpg,verde
color_verde_19357.jpg,verde
color_verde_19545.jpg,verde
color_verde_19576.jpg,verde
color_verde_19736.jpg,verde
color_verde_20188.jpg,verde
color_verde_20392.jpg,verde
color_verde_20576.jpg,verde
color_verde_20895.jpg,verde
color_verde_20996.jpg,verde
color_verde_21318.jpg,verde
color_verde_21436.jpg,verde
color_verde_21452.jpg,verde
color_verde_22686.jpg,verde
color_verde_22715.jpg,verde
color_verde_22881.jpg,verde
color_verde_22896.jpg,verde
color_verde_22903.jpg,verde
color_verde_23101.jpg,verde
color_verde_23103.jpg,verde
color_verde_23107.jpg,verde
color_verde_23114.jpg,verde
color_verde_23137.jpg,verde
color_verde_23233.jpg,verde
color_verde_23695.jpg,verde
color_verde_23855.jpg,verde
color_verde_23962.jpg,verde
color_verde_24139.jpg,verde
color_verde_24141.jpg,verde
color_verde_24147.jpg,verde
color_verde_24774.jpg,verde
color_verde_25741.jpg,verde
color_verde_26207.jpg,verde
color_verde_26226.jpg,verde
color_verde_26238.jpg,verde
color_verde_26626.jpg,verde
color_verde_26812.jpg,verde
color_verde_26824.jpg,verde
color_verde_26825.jpg,verde
color_verde_26838.jpg,verde
color_verde_27015.jpg,verde
color_verde_28294.jpg,verde
color_verde_28625.jpg,verde
color_verde_28931.jpg,verde
color_verde_29091.jpg,verde
color_verde_2.png,verde
color_verde_31442.jpg,verde
color_verde_31453.jpg,verde
color_verde_31726.jpg,verde
color_verde_31876.jpg,verde
color_verde_32063.jpg,verde
color_verde_4061.jpg,verde
color_verde_4576.jpg,verde
color_verde_4934.jpg,verde
color_verde_6051.jpg,verde
color_verde_6110.jpg,verde
color_verde_6859.jpg,verde
color_verde_7361.jpg,verde
color_verde_7726.jpg,verde
color_verde_7774.jpg,verde
color_verde_800.jpg,verde
color_verde_8222.jpg,verde
color_verde_8231.jpg,verde
color_verde_8527.jpg,verde
color_verde_863.jpg,verde
color_verde_8964.jpg,verde
color_verde_933.jpg,verde
color_verde_9493.jpg,verde
color_verde_9507.jpg,verde
color_verde_9721.jpg,verde
color_verde_9726.jpg,verde
